theme,persona,programs
固定費の見直しはどこから？効果が大きい順にやる手順,家計を見直したい30〜40代の共働き夫婦,kakuyasu_sim|hoken_soudan
スマホ代を見直す前に確認したい3つのこと,大手キャリアを10年以上使い続けている会社員,kakuyasu_sim
格安SIMに乗り換えて困りやすいことと、その対策,乗り換えが不安な40代,kakuyasu_sim
家族4人のスマホ代を見直すときの考え方,子育て中の夫婦,kakuyasu_sim
ネット回線の料金を見直すときに見るポイント,引っ越しから何年も同じ回線を使っている人,hikari|docomo_hikari|softbank_air
スマホとネット回線のセット割、本当にお得か確かめる方法,セット割で契約したままの家庭,hikari|docomo_hikari|kakuyasu_sim|softbank_air
電気代が高いと感じたら最初にやること,電気代の請求を見て驚いた家庭,denki
電力会社の切り替えで確認したいこと（手続き・解約・停電の心配）,切り替えが面倒そうで迷っている人,denki
保険を見直すタイミングはいつ？結婚・出産・住宅購入で考える,ライフイベントを迎えた30代,hoken_soudan
なんとなく入った保険、そのままで大丈夫？見直しの考え方,入社時に勧められた保険のままの会社員,hoken_soudan
保険の無料相談はなぜ無料？しくみと上手な使い方,勧誘が心配で相談をためらっている人,hoken_soudan
自動車保険を更新前に見直す手順,毎年そのまま更新している車の持ち主,car_hoken
年に1回やりたい固定費の見直しチェックリスト,家計管理を習慣にしたい人,kakuyasu_sim|denki
サブスクを整理するときの判断基準と、浮いたお金の使い道,サブスクが増えすぎた20〜30代,kakuyasu_sim
一人暮らしの固定費、見直す順番と手順,一人暮らしの会社員,kakuyasu_sim|hikari|softbank_air
新生活で固定費を最初から安くする契約の選び方,春から新生活を始める人,kakuyasu_sim|hikari|softbank_air|denki
共働き夫婦の固定費を一緒に見直す進め方,家計を夫婦で分けて管理している共働き,hoken_soudan|kakuyasu_sim
食費の節約より固定費の見直しが先な理由,節約をがんばっているのにお金が残らない人,kakuyasu_sim|hoken_soudan
固定費の見直しで失敗しやすいパターンと防ぎ方,見直しで損をしたくない慎重派,kakuyasu_sim|denki
老後の不安を減らすために、今の固定費を見直すという考え方,将来のお金が不安な40代,hoken_soudan
海外旅行の通信費、レンタルWiFiとeSIMを比べて選ぶ方法,夏休みや年末年始に海外旅行を予定している人,trifa
初めての海外eSIM、出発前に確認しておきたいこと,eSIMを使ったことがない海外旅行者,trifa
子どもに初めての携帯、月額契約の前にプリペイドで様子を見るという選択,小学生〜中学生の子どもを持つ保護者,lyprimo
一時帰国中だけ日本の電話番号を使う方法,海外在住で一時帰国する人,lyprimo
短期間だけ2台目の携帯が必要なときの選び方,出張・単身赴任・短期の仕事で一時的に番号が必要な人,lyprimo
賃貸で光回線の工事ができないときの、ネットの選び方,工事の許可が取りにくい賃貸に住んでいる人,softbank_air
工事不要のホームルーター、向いている人・向いていない人,光回線とホームルーターで迷っている人,softbank_air|hikari
ネット回線のキャッシュバック、もらい損ねないための確認ポイント,キャッシュバックの条件が分かりにくいと感じている人,softbank_air
スマホのギガが足りない人が、自宅のネットを見直すという選択,毎月データ容量が足りずに追加購入している人,softbank_air|kakuyasu_sim
SoftBank Airは賃貸でも使える？申し込む前に確認したいこと,賃貸住まいで工事なしのネットを探している主婦,softbank_air
SoftBank Airの特徴と、向いている家庭・向いていない家庭,ホームルーターを検討中の家庭,softbank_air
SoftBank 光とSoftBank Airの違い、どっちを選ぶ？,自宅のネットをどちらにするか迷っている家庭,hikari|softbank_air
SoftBank 光に乗り換える前に確認したいこと（キャッシュバックの条件も）,今の光回線から乗り換えを考えている家庭,hikari
トリファ（trifa）の使い方と、出発前にやっておきたい準備,初めて海外eSIMを使う旅行者,trifa
Lyprimo（リプリモ）の特徴と、向いている人・向いていない人,プリペイド携帯を検討している人,lyprimo
ドコモ光の特徴と、向いている家庭・向いていない家庭,家族でドコモのスマホを使っている30〜50代,docomo_hikari
ドコモ光とSoftBank 光の違い、スマホの会社で選ぶ光回線,光回線をどこにするか迷っている家庭,docomo_hikari|hikari
家族でドコモなら知っておきたい、スマホと光回線のセット割の考え方,家族のスマホ代とネット代をまとめて見直したい主婦,docomo_hikari
ドコモ光を申し込む前に確認したいこと（工事・開通までの流れ）,初めて光回線を申し込む家庭,docomo_hikari
